<?xml version="1.0" encoding="UTF-8"?>
<project-private xmlns="http://www.netbeans.org/ns/project-private/1">
    <editor-bookmarks xmlns="http://www.netbeans.org/ns/editor-bookmarks/2" lastBookmarkId="0"/>
    <open-files xmlns="http://www.netbeans.org/ns/projectui-open-files/2">
        <group>
            <file>file:/C:/Users/luis1/Documents/POO/SMC-styles-irelia/06-Code/StylesIrelia/src/ec/edu/espe/stylesirelia/view/FrmDeleteService.java</file>
            <file>file:/C:/Users/luis1/Documents/POO/SMC-styles-irelia/06-Code/StylesIrelia/src/ec/edu/espe/stylesirelia/view/FrmDeleteProduct.java</file>
            <file>file:/C:/Users/luis1/Documents/POO/SMC-styles-irelia/06-Code/StylesIrelia/src/ec/edu/espe/stylesirelia/controller/Connection.java</file>
            <file>file:/C:/Users/luis1/Documents/POO/SMC-styles-irelia/06-Code/StylesIrelia/src/ec/edu/espe/stylesirelia/view/FrmAbout.java</file>
            <file>file:/C:/Users/luis1/Documents/POO/SMC-styles-irelia/06-Code/StylesIrelia/src/ec/edu/espe/stylesirelia/view/FrmDeleteStylist.java</file>
            <file>file:/C:/Users/luis1/Documents/POO/SMC-styles-irelia/06-Code/StylesIrelia/src/ec/edu/espe/stylesirelia/view/FrmUpdateSupplier.java</file>
            <file>file:/C:/Users/luis1/Documents/POO/SMC-styles-irelia/06-Code/StylesIrelia/src/ec/edu/espe/stylesirelia/controller/CustomerController.java</file>
            <file>file:/C:/Users/luis1/Documents/POO/SMC-styles-irelia/06-Code/StylesIrelia/src/ec/edu/espe/stylesirelia/view/FrmStylesIreliaMenu.java</file>
            <file>file:/C:/Users/luis1/Documents/POO/SMC-styles-irelia/06-Code/StylesIrelia/src/ec/edu/espe/stylesirelia/controller/BasicController.java</file>
            <file>file:/C:/Users/luis1/Documents/POO/SMC-styles-irelia/06-Code/StylesIrelia/src/ec/edu/espe/stylesirelia/view/FrmTableCustomer.java</file>
            <file>file:/C:/Users/luis1/Documents/POO/SMC-styles-irelia/06-Code/StylesIrelia/src/ec/edu/espe/stylesirelia/view/FrmTableStylist.java</file>
            <file>file:/C:/Users/luis1/Documents/POO/SMC-styles-irelia/06-Code/StylesIrelia/src/ec/edu/espe/stylesirelia/view/FrmSupplier.java</file>
            <file>file:/C:/Users/luis1/Documents/POO/SMC-styles-irelia/06-Code/StylesIrelia/src/ec/edu/espe/stylesirelia/view/FrmDeleteSupplier.java</file>
            <file>file:/C:/Users/luis1/Documents/POO/SMC-styles-irelia/06-Code/StylesIrelia/src/ec/edu/espe/stylesirelia/view/FrmProduct.java</file>
            <file>file:/C:/Users/luis1/Documents/POO/SMC-styles-irelia/06-Code/StylesIrelia/src/ec/edu/espe/stylesirelia/view/FrmUpdateService.java</file>
            <file>file:/C:/Users/luis1/Documents/POO/SMC-styles-irelia/06-Code/StylesIrelia/src/ec/edu/espe/stylesirelia/view/FrmUpdateProduct.java</file>
            <file>file:/C:/Users/luis1/Documents/POO/SMC-styles-irelia/06-Code/StylesIrelia/test/ec/edu/espe/stylesirelia/controller/CustomerControllerTest.java</file>
            <file>file:/C:/Users/luis1/Documents/POO/SMC-styles-irelia/06-Code/StylesIrelia/src/ec/edu/espe/stylesirelia/view/FrmUpdateStylist.java</file>
            <file>file:/C:/Users/luis1/Documents/POO/SMC-styles-irelia/06-Code/StylesIrelia/src/ec/edu/espe/stylesirelia/view/FrmTurn.java</file>
            <file>file:/C:/Users/luis1/Documents/POO/SMC-styles-irelia/06-Code/StylesIrelia/src/ec/edu/espe/stylesirelia/view/FrmTableService.java</file>
            <file>file:/C:/Users/luis1/Documents/POO/SMC-styles-irelia/06-Code/StylesIrelia/src/ec/edu/espe/stylesirelia/view/FrmTableSupplier.java</file>
            <file>file:/C:/Users/luis1/Documents/POO/SMC-styles-irelia/06-Code/StylesIrelia/src/ec/edu/espe/stylesirelia/view/FrmLogin.java</file>
            <file>file:/C:/Users/luis1/Documents/POO/SMC-styles-irelia/06-Code/StylesIrelia/src/ec/edu/espe/stylesirelia/view/FrmService.java</file>
            <file>file:/C:/Users/luis1/Documents/POO/SMC-styles-irelia/06-Code/StylesIrelia/src/ec/edu/espe/stylesirelia/view/FrmCustomer.java</file>
            <file>file:/C:/Users/luis1/Documents/POO/SMC-styles-irelia/06-Code/StylesIrelia/src/ec/edu/espe/stylesirelia/view/FrmHelp.java</file>
            <file>file:/C:/Users/luis1/Documents/POO/SMC-styles-irelia/06-Code/StylesIrelia/src/ec/edu/espe/stylesirelia/model/Product.java</file>
            <file>file:/C:/Users/luis1/Documents/POO/SMC-styles-irelia/06-Code/StylesIrelia/src/ec/edu/espe/stylesirelia/view/FrmDeleteCustomer.java</file>
            <file>file:/C:/Users/luis1/Documents/POO/SMC-styles-irelia/06-Code/StylesIrelia/src/ec/edu/espe/stylesirelia/controller/BasicModel.java</file>
            <file>file:/C:/Users/luis1/Documents/POO/SMC-styles-irelia/06-Code/StylesIrelia/src/ec/edu/espe/stylesirelia/view/FrmTableProduct.java</file>
            <file>file:/C:/Users/luis1/Documents/POO/SMC-styles-irelia/06-Code/StylesIrelia/src/ec/edu/espe/stylesirelia/view/FrmAddStylist.java</file>
            <file>file:/C:/Users/luis1/Documents/POO/SMC-styles-irelia/06-Code/StylesIrelia/test/ec/edu/espe/stylesirelia/controller/BasicControllerTest.java</file>
        </group>
    </open-files>
</project-private>
